virus_id	host_num	lca_level	lca_name	lca_lineage
NC_023585.1	1	species	Saccharolobus solfataricus	k__Archaea;p__Crenarchaeota;c__Thermoprotei;o__Sulfolobales;f__Sulfolobaceae;g__Saccharolobus;s__Saccharolobus solfataricus
NC_034620.1	1	species	Saccharolobus solfataricus	k__Archaea;p__Crenarchaeota;c__Thermoprotei;o__Sulfolobales;f__Sulfolobaceae;g__Saccharolobus;s__Saccharolobus solfataricus
NC_034623.1	2	family	Sulfolobaceae	k__Archaea;p__Crenarchaeota;c__Thermoprotei;o__Sulfolobales;f__Sulfolobaceae
NC_034619.1	1	species	Saccharolobus solfataricus	k__Archaea;p__Crenarchaeota;c__Thermoprotei;o__Sulfolobales;f__Sulfolobaceae;g__Saccharolobus;s__Saccharolobus solfataricus
NC_034628.1	1	species	Saccharolobus solfataricus	k__Archaea;p__Crenarchaeota;c__Thermoprotei;o__Sulfolobales;f__Sulfolobaceae;g__Saccharolobus;s__Saccharolobus solfataricus
NC_034624.1	1	species	Saccharolobus solfataricus	k__Archaea;p__Crenarchaeota;c__Thermoprotei;o__Sulfolobales;f__Sulfolobaceae;g__Saccharolobus;s__Saccharolobus solfataricus
NC_004462.2	1	species	Thermus thermophilus	k__Bacteria;p__Deinococcus-Thermus;c__Deinococci;o__Thermales;f__Thermaceae;g__Thermus;s__Thermus thermophilus
NC_001902.1	1	species	Methanothermobacter thermautotrophicus	k__Archaea;p__Euryarchaeota;c__Methanobacteria;o__Methanobacteriales;f__Methanobacteriaceae;g__Methanothermobacter;s__Methanothermobacter thermautotrophicus
NC_029073.1	1	species	Geobacillus kaustophilus	k__Bacteria;p__Firmicutes;c__Bacilli;o__Bacillales;f__Bacillaceae;g__Geobacillus;s__Geobacillus kaustophilus
NC_049945.1	1	species	Klebsiella pneumoniae	k__Bacteria;p__Proteobacteria;c__Gammaproteobacteria;o__Enterobacterales;f__Enterobacteriaceae;g__Klebsiella;s__Klebsiella pneumoniae
NC_018848.1	1	species	Streptomyces griseus	k__Bacteria;p__Actinobacteria;c__Actinomycetia;o__Streptomycetales;f__Streptomycetaceae;g__Streptomyces;s__Streptomyces griseus
NC_036595.1	1	species	Aeropyrum pernix	k__Archaea;p__Crenarchaeota;c__Thermoprotei;o__Desulfurococcales;f__Desulfurococcaceae;g__Aeropyrum;s__Aeropyrum pernix
NC_003085.1	1	species	Myxococcus xanthus	k__Bacteria;p__Proteobacteria;c__Deltaproteobacteria;o__Myxococcales;f__Myxococcaceae;g__Myxococcus;s__Myxococcus xanthus
NC_017978.1	1	species	Clostridium perfringens	k__Bacteria;p__Firmicutes;c__Clostridia;o__Eubacteriales;f__Clostridiaceae;g__Clostridium;s__Clostridium perfringens
NC_006552.1	1	species	Pseudomonas aeruginosa	k__Bacteria;p__Proteobacteria;c__Gammaproteobacteria;o__Pseudomonadales;f__Pseudomonadaceae;g__Pseudomonas;s__Pseudomonas aeruginosa
NC_011373.1	1	species	Pseudomonas aeruginosa	k__Bacteria;p__Proteobacteria;c__Gammaproteobacteria;o__Pseudomonadales;f__Pseudomonadaceae;g__Pseudomonas;s__Pseudomonas aeruginosa
NC_042342.1	1	species	Pseudomonas aeruginosa	k__Bacteria;p__Proteobacteria;c__Gammaproteobacteria;o__Pseudomonadales;f__Pseudomonadaceae;g__Pseudomonas;s__Pseudomonas aeruginosa
NC_027986.1	1	species	Pseudomonas aeruginosa	k__Bacteria;p__Proteobacteria;c__Gammaproteobacteria;o__Pseudomonadales;f__Pseudomonadaceae;g__Pseudomonas;s__Pseudomonas aeruginosa
NC_027992.1	1	species	Pseudomonas aeruginosa	k__Bacteria;p__Proteobacteria;c__Gammaproteobacteria;o__Pseudomonadales;f__Pseudomonadaceae;g__Pseudomonas;s__Pseudomonas aeruginosa
NC_028667.1	1	species	Pseudomonas aeruginosa	k__Bacteria;p__Proteobacteria;c__Gammaproteobacteria;o__Pseudomonadales;f__Pseudomonadaceae;g__Pseudomonas;s__Pseudomonas aeruginosa
NC_003278.1	1	species	Pseudomonas aeruginosa	k__Bacteria;p__Proteobacteria;c__Gammaproteobacteria;o__Pseudomonadales;f__Pseudomonadaceae;g__Pseudomonas;s__Pseudomonas aeruginosa
NC_016765.1	1	species	Pseudomonas aeruginosa	k__Bacteria;p__Proteobacteria;c__Gammaproteobacteria;o__Pseudomonadales;f__Pseudomonadaceae;g__Pseudomonas;s__Pseudomonas aeruginosa
NC_030908.1	1	species	Pseudomonas aeruginosa	k__Bacteria;p__Proteobacteria;c__Gammaproteobacteria;o__Pseudomonadales;f__Pseudomonadaceae;g__Pseudomonas;s__Pseudomonas aeruginosa
NC_024782.1	1	species	Pseudomonas aeruginosa	k__Bacteria;p__Proteobacteria;c__Gammaproteobacteria;o__Pseudomonadales;f__Pseudomonadaceae;g__Pseudomonas;s__Pseudomonas aeruginosa
NC_023575.1	1	species	Pseudomonas aeruginosa	k__Bacteria;p__Proteobacteria;c__Gammaproteobacteria;o__Pseudomonadales;f__Pseudomonadaceae;g__Pseudomonas;s__Pseudomonas aeruginosa
NC_006548.1	1	species	Pseudomonas aeruginosa	k__Bacteria;p__Proteobacteria;c__Gammaproteobacteria;o__Pseudomonadales;f__Pseudomonadaceae;g__Pseudomonas;s__Pseudomonas aeruginosa
BK000583.1	1	species	Escherichia coli	k__Bacteria;p__Proteobacteria;c__Gammaproteobacteria;o__Enterobacterales;f__Enterobacteriaceae;g__Escherichia;s__Escherichia coli
NC_010393.1	1	species	Escherichia coli	k__Bacteria;p__Proteobacteria;c__Gammaproteobacteria;o__Enterobacterales;f__Enterobacteriaceae;g__Escherichia;s__Escherichia coli
NC_020489.1	1	species	Rhodobacter capsulatus	k__Bacteria;p__Proteobacteria;c__Alphaproteobacteria;o__Rhodobacterales;f__Rhodobacteraceae;g__Rhodobacter;s__Rhodobacter capsulatus
NC_034627.1	1	species	Sulfolobus islandicus	k__Archaea;p__Crenarchaeota;c__Thermoprotei;o__Sulfolobales;f__Sulfolobaceae;g__Sulfolobus;s__Sulfolobus islandicus
NC_004735.1	1	species	Rhodothermus marinus	k__Bacteria;p__Bacteroidetes;c__;o__Bacteroidetes Order II. Incertae sedis;f__Rhodothermaceae;g__Rhodothermus;s__Rhodothermus marinus
NC_047875.1	1	species	Cronobacter turicensis	k__Bacteria;p__Proteobacteria;c__Gammaproteobacteria;o__Enterobacterales;f__Enterobacteriaceae;g__Cronobacter;s__Cronobacter turicensis
NC_019927.1	3	genus	Cronobacter	k__Bacteria;p__Proteobacteria;c__Gammaproteobacteria;o__Enterobacterales;f__Enterobacteriaceae;g__Cronobacter
KR131710.1	2	species	Fusobacterium nucleatum	k__Bacteria;p__Fusobacteria;c__Fusobacteriia;o__Fusobacteriales;f__Fusobacteriaceae;g__Fusobacterium;s__Fusobacterium nucleatum
NC_047821.1	1	species	Marinomonas mediterranea	k__Bacteria;p__Proteobacteria;c__Gammaproteobacteria;o__Oceanospirillales;f__Oceanospirillaceae;g__Marinomonas;s__Marinomonas mediterranea
NC_026611.1	1	species	Edwardsiella anguillarum	k__Bacteria;p__Proteobacteria;c__Gammaproteobacteria;o__Enterobacterales;f__Hafniaceae;g__Edwardsiella;s__Edwardsiella anguillarum
NC_054464.1	1	species	Edwardsiella anguillarum	k__Bacteria;p__Proteobacteria;c__Gammaproteobacteria;o__Enterobacterales;f__Hafniaceae;g__Edwardsiella;s__Edwardsiella anguillarum
NC_023555.1	1	species	Edwardsiella anguillarum	k__Bacteria;p__Proteobacteria;c__Gammaproteobacteria;o__Enterobacterales;f__Hafniaceae;g__Edwardsiella;s__Edwardsiella anguillarum
NC_047833.1	1	species	Edwardsiella anguillarum	k__Bacteria;p__Proteobacteria;c__Gammaproteobacteria;o__Enterobacterales;f__Hafniaceae;g__Edwardsiella;s__Edwardsiella anguillarum
NC_030884.1	1	species	Sulfolobus islandicus	k__Archaea;p__Crenarchaeota;c__Thermoprotei;o__Sulfolobales;f__Sulfolobaceae;g__Sulfolobus;s__Sulfolobus islandicus
NC_004087.1	1	species	Sulfolobus islandicus	k__Archaea;p__Crenarchaeota;c__Thermoprotei;o__Sulfolobales;f__Sulfolobaceae;g__Sulfolobus;s__Sulfolobus islandicus
NC_005265.1	1	species	Sulfolobus islandicus	k__Archaea;p__Crenarchaeota;c__Thermoprotei;o__Sulfolobales;f__Sulfolobaceae;g__Sulfolobus;s__Sulfolobus islandicus
NC_004086.1	1	species	Sulfolobus islandicus	k__Archaea;p__Crenarchaeota;c__Thermoprotei;o__Sulfolobales;f__Sulfolobaceae;g__Sulfolobus;s__Sulfolobus islandicus
AJ748296.1	1	species	Sulfolobus islandicus	k__Archaea;p__Crenarchaeota;c__Thermoprotei;o__Sulfolobales;f__Sulfolobaceae;g__Sulfolobus;s__Sulfolobus islandicus
NC_001317.1	1	species	Serratia sp. ATCC 39006	k__Bacteria;p__Proteobacteria;c__Gammaproteobacteria;o__Enterobacterales;f__Yersiniaceae;g__Serratia;s__Serratia sp. ATCC 39006
NC_049429.1	1	species	Serratia sp. ATCC 39006	k__Bacteria;p__Proteobacteria;c__Gammaproteobacteria;o__Enterobacterales;f__Yersiniaceae;g__Serratia;s__Serratia sp. ATCC 39006
NC_042139.2	1	species	Corynebacterium vitaeruminis	k__Bacteria;p__Actinobacteria;c__Actinomycetia;o__Corynebacteriales;f__Corynebacteriaceae;g__Corynebacterium;s__Corynebacterium vitaeruminis
NC_042085.1	1	species	Corynebacterium vitaeruminis	k__Bacteria;p__Actinobacteria;c__Actinomycetia;o__Corynebacteriales;f__Corynebacteriaceae;g__Corynebacterium;s__Corynebacterium vitaeruminis
NC_028268.1	1	species	Aeropyrum camini	k__Archaea;p__Crenarchaeota;c__Thermoprotei;o__Desulfurococcales;f__Desulfurococcaceae;g__Aeropyrum;s__Aeropyrum camini
NC_016564.1	1	species	Planktothrix agardhii	k__Bacteria;p__Cyanobacteria;c__;o__Oscillatoriales;f__Microcoleaceae;g__Planktothrix;s__Planktothrix agardhii
NC_028748.2	1	species	Bacillus thuringiensis	k__Bacteria;p__Firmicutes;c__Bacilli;o__Bacillales;f__Bacillaceae;g__Bacillus;s__Bacillus thuringiensis
NC_005258.1	1	species	Bacillus thuringiensis	k__Bacteria;p__Firmicutes;c__Bacilli;o__Bacillales;f__Bacillaceae;g__Bacillus;s__Bacillus thuringiensis
NC_027990.1	1	species	Levilactobacillus brevis	k__Bacteria;p__Firmicutes;c__Bacilli;o__Lactobacillales;f__Lactobacillaceae;g__Levilactobacillus;s__Levilactobacillus brevis
NC_019522.1	3	genus	Pectobacterium	k__Bacteria;p__Proteobacteria;c__Gammaproteobacteria;o__Enterobacterales;f__Pectobacteriaceae;g__Pectobacterium
NC_006949.1	1	species	Salmonella enterica	k__Bacteria;p__Proteobacteria;c__Gammaproteobacteria;o__Enterobacterales;f__Enterobacteriaceae;g__Salmonella;s__Salmonella enterica
NC_031129.1	1	species	Escherichia coli	k__Bacteria;p__Proteobacteria;c__Gammaproteobacteria;o__Enterobacterales;f__Enterobacteriaceae;g__Escherichia;s__Escherichia coli
NC_031059.1	1	species	Rhodovulum sp. P5	k__Bacteria;p__Proteobacteria;c__Alphaproteobacteria;o__Rhodobacterales;f__Rhodobacteraceae;g__Rhodovulum;s__Rhodovulum sp. P5
NC_028841.1	1	species	Paenibacillus larvae	k__Bacteria;p__Firmicutes;c__Bacilli;o__Bacillales;f__Paenibacillaceae;g__Paenibacillus;s__Paenibacillus larvae
NC_028930.1	1	species	Paenibacillus larvae	k__Bacteria;p__Firmicutes;c__Bacilli;o__Bacillales;f__Paenibacillaceae;g__Paenibacillus;s__Paenibacillus larvae
NC_055030.1	1	species	Paenibacillus larvae	k__Bacteria;p__Firmicutes;c__Bacilli;o__Bacillales;f__Paenibacillaceae;g__Paenibacillus;s__Paenibacillus larvae
NC_028746.1	1	species	Paenibacillus larvae	k__Bacteria;p__Firmicutes;c__Bacilli;o__Bacillales;f__Paenibacillaceae;g__Paenibacillus;s__Paenibacillus larvae
NC_028767.1	1	species	Paenibacillus larvae	k__Bacteria;p__Firmicutes;c__Bacilli;o__Bacillales;f__Paenibacillaceae;g__Paenibacillus;s__Paenibacillus larvae
NC_054984.1	1	species	Paenibacillus larvae	k__Bacteria;p__Firmicutes;c__Bacilli;o__Bacillales;f__Paenibacillaceae;g__Paenibacillus;s__Paenibacillus larvae
NC_055029.1	1	species	Paenibacillus larvae	k__Bacteria;p__Firmicutes;c__Bacilli;o__Bacillales;f__Paenibacillaceae;g__Paenibacillus;s__Paenibacillus larvae
NC_048716.1	1	species	Paenibacillus larvae	k__Bacteria;p__Firmicutes;c__Bacilli;o__Bacillales;f__Paenibacillaceae;g__Paenibacillus;s__Paenibacillus larvae
NC_055028.1	1	species	Paenibacillus larvae	k__Bacteria;p__Firmicutes;c__Bacilli;o__Bacillales;f__Paenibacillaceae;g__Paenibacillus;s__Paenibacillus larvae
NC_041867.1	1	species	Paenibacillus larvae	k__Bacteria;p__Firmicutes;c__Bacilli;o__Bacillales;f__Paenibacillaceae;g__Paenibacillus;s__Paenibacillus larvae
NC_048690.1	1	species	Paenibacillus larvae	k__Bacteria;p__Firmicutes;c__Bacilli;o__Bacillales;f__Paenibacillaceae;g__Paenibacillus;s__Paenibacillus larvae
NC_048693.1	1	species	Paenibacillus larvae	k__Bacteria;p__Firmicutes;c__Bacilli;o__Bacillales;f__Paenibacillaceae;g__Paenibacillus;s__Paenibacillus larvae
NC_048692.1	1	species	Paenibacillus larvae	k__Bacteria;p__Firmicutes;c__Bacilli;o__Bacillales;f__Paenibacillaceae;g__Paenibacillus;s__Paenibacillus larvae
NC_028853.1	1	species	Mannheimia haemolytica	k__Bacteria;p__Proteobacteria;c__Gammaproteobacteria;o__Pasteurellales;f__Pasteurellaceae;g__Mannheimia;s__Mannheimia haemolytica
NC_008201.1	1	species	Mannheimia haemolytica	k__Bacteria;p__Proteobacteria;c__Gammaproteobacteria;o__Pasteurellales;f__Pasteurellaceae;g__Mannheimia;s__Mannheimia haemolytica
JN255163.1	1	species	Mannheimia haemolytica	k__Bacteria;p__Proteobacteria;c__Gammaproteobacteria;o__Pasteurellales;f__Pasteurellaceae;g__Mannheimia;s__Mannheimia haemolytica
DQ426904.1	1	species	Mannheimia haemolytica	k__Bacteria;p__Proteobacteria;c__Gammaproteobacteria;o__Pasteurellales;f__Pasteurellaceae;g__Mannheimia;s__Mannheimia haemolytica
NC_028743.1	1	species	Mannheimia haemolytica	k__Bacteria;p__Proteobacteria;c__Gammaproteobacteria;o__Pasteurellales;f__Pasteurellaceae;g__Mannheimia;s__Mannheimia haemolytica
NC_028956.1	1	species	Mannheimia haemolytica	k__Bacteria;p__Proteobacteria;c__Gammaproteobacteria;o__Pasteurellales;f__Pasteurellaceae;g__Mannheimia;s__Mannheimia haemolytica
NC_054653.1	1	species	Klebsiella pneumoniae	k__Bacteria;p__Proteobacteria;c__Gammaproteobacteria;o__Enterobacterales;f__Enterobacteriaceae;g__Klebsiella;s__Klebsiella pneumoniae
NC_054652.1	1	species	Klebsiella pneumoniae	k__Bacteria;p__Proteobacteria;c__Gammaproteobacteria;o__Enterobacterales;f__Enterobacteriaceae;g__Klebsiella;s__Klebsiella pneumoniae
NC_054654.1	1	species	Klebsiella pneumoniae	k__Bacteria;p__Proteobacteria;c__Gammaproteobacteria;o__Enterobacterales;f__Enterobacteriaceae;g__Klebsiella;s__Klebsiella pneumoniae
NC_031924.1	1	species	Klebsiella pneumoniae	k__Bacteria;p__Proteobacteria;c__Gammaproteobacteria;o__Enterobacterales;f__Enterobacteriaceae;g__Klebsiella;s__Klebsiella pneumoniae
NC_054636.1	1	species	Klebsiella pneumoniae	k__Bacteria;p__Proteobacteria;c__Gammaproteobacteria;o__Enterobacterales;f__Enterobacteriaceae;g__Klebsiella;s__Klebsiella pneumoniae
NC_054651.1	1	species	Klebsiella pneumoniae	k__Bacteria;p__Proteobacteria;c__Gammaproteobacteria;o__Enterobacterales;f__Enterobacteriaceae;g__Klebsiella;s__Klebsiella pneumoniae
NC_054650.1	1	species	Klebsiella pneumoniae	k__Bacteria;p__Proteobacteria;c__Gammaproteobacteria;o__Enterobacterales;f__Enterobacteriaceae;g__Klebsiella;s__Klebsiella pneumoniae
NC_054643.1	1	species	Klebsiella pneumoniae	k__Bacteria;p__Proteobacteria;c__Gammaproteobacteria;o__Enterobacterales;f__Enterobacteriaceae;g__Klebsiella;s__Klebsiella pneumoniae
NC_054985.1	1	species	Paenibacillus larvae	k__Bacteria;p__Firmicutes;c__Bacilli;o__Bacillales;f__Paenibacillaceae;g__Paenibacillus;s__Paenibacillus larvae
NC_048715.1	1	species	Paenibacillus larvae	k__Bacteria;p__Firmicutes;c__Bacilli;o__Bacillales;f__Paenibacillaceae;g__Paenibacillus;s__Paenibacillus larvae
NC_028758.1	1	species	Paenibacillus larvae	k__Bacteria;p__Firmicutes;c__Bacilli;o__Bacillales;f__Paenibacillaceae;g__Paenibacillus;s__Paenibacillus larvae
NC_015295.1	1	species	Erwinia pyrifoliae	k__Bacteria;p__Proteobacteria;c__Gammaproteobacteria;o__Enterobacterales;f__Erwiniaceae;g__Erwinia;s__Erwinia pyrifoliae
NC_030951.1	1	species	Clostridium tetani	k__Bacteria;p__Firmicutes;c__Clostridia;o__Eubacteriales;f__Clostridiaceae;g__Clostridium;s__Clostridium tetani
NC_030947.1	1	species	Clostridium tetani	k__Bacteria;p__Firmicutes;c__Clostridia;o__Eubacteriales;f__Clostridiaceae;g__Clostridium;s__Clostridium tetani
NC_029022.1	1	species	Clostridium tetani	k__Bacteria;p__Firmicutes;c__Clostridia;o__Eubacteriales;f__Clostridiaceae;g__Clostridium;s__Clostridium tetani
NC_034625.1	1	species	Acidianus brierleyi	k__Archaea;p__Crenarchaeota;c__Thermoprotei;o__Sulfolobales;f__Sulfolobaceae;g__Acidianus;s__Acidianus brierleyi
NC_005892.1	1	species	Acidianus brierleyi	k__Archaea;p__Crenarchaeota;c__Thermoprotei;o__Sulfolobales;f__Sulfolobaceae;g__Acidianus;s__Acidianus brierleyi
NC_013585.1	1	species	Acidianus brierleyi	k__Archaea;p__Crenarchaeota;c__Thermoprotei;o__Sulfolobales;f__Sulfolobaceae;g__Acidianus;s__Acidianus brierleyi
NC_029015.2	1	species	Cronobacter sakazakii	k__Bacteria;p__Proteobacteria;c__Gammaproteobacteria;o__Enterobacterales;f__Enterobacteriaceae;g__Cronobacter;s__Cronobacter sakazakii
NC_034621.1	1	species	Saccharolobus solfataricus	k__Archaea;p__Crenarchaeota;c__Thermoprotei;o__Sulfolobales;f__Sulfolobaceae;g__Saccharolobus;s__Saccharolobus solfataricus
NC_010392.1	1	species	Salmonella enterica	k__Bacteria;p__Proteobacteria;c__Gammaproteobacteria;o__Enterobacterales;f__Enterobacteriaceae;g__Salmonella;s__Salmonella enterica
NC_002371.2	1	species	Salmonella enterica	k__Bacteria;p__Proteobacteria;c__Gammaproteobacteria;o__Enterobacterales;f__Enterobacteriaceae;g__Salmonella;s__Salmonella enterica
NC_029030.1	1	species	Streptococcus mutans	k__Bacteria;p__Firmicutes;c__Bacilli;o__Lactobacillales;f__Streptococcaceae;g__Streptococcus;s__Streptococcus mutans
NC_021867.1	1	species	Flavobacterium psychrophilum	k__Bacteria;p__Bacteroidetes;c__Flavobacteriia;o__Flavobacteriales;f__Flavobacteriaceae;g__Flavobacterium;s__Flavobacterium psychrophilum
NC_055839.1	1	species	Xanthomonas campestris	k__Bacteria;p__Proteobacteria;c__Gammaproteobacteria;o__Xanthomonadales;f__Xanthomonadaceae;g__Xanthomonas;s__Xanthomonas campestris
NC_055838.1	1	species	Xanthomonas campestris	k__Bacteria;p__Proteobacteria;c__Gammaproteobacteria;o__Xanthomonadales;f__Xanthomonadaceae;g__Xanthomonas;s__Xanthomonas campestris
NC_055837.1	1	species	Xanthomonas campestris	k__Bacteria;p__Proteobacteria;c__Gammaproteobacteria;o__Xanthomonadales;f__Xanthomonadaceae;g__Xanthomonas;s__Xanthomonas campestris
NC_055836.1	1	species	Xanthomonas campestris	k__Bacteria;p__Proteobacteria;c__Gammaproteobacteria;o__Xanthomonadales;f__Xanthomonadaceae;g__Xanthomonas;s__Xanthomonas campestris
NC_009018.1	1	species	Streptococcus dysgalactiae	k__Bacteria;p__Firmicutes;c__Bacilli;o__Lactobacillales;f__Streptococcaceae;g__Streptococcus;s__Streptococcus dysgalactiae
NC_004586.1	3	genus	Streptococcus	k__Bacteria;p__Firmicutes;c__Bacilli;o__Lactobacillales;f__Streptococcaceae;g__Streptococcus
NC_004589.1	1	species	Streptococcus dysgalactiae	k__Bacteria;p__Firmicutes;c__Bacilli;o__Lactobacillales;f__Streptococcaceae;g__Streptococcus;s__Streptococcus dysgalactiae
NC_004585.1	1	species	Streptococcus dysgalactiae	k__Bacteria;p__Firmicutes;c__Bacilli;o__Lactobacillales;f__Streptococcaceae;g__Streptococcus;s__Streptococcus dysgalactiae
NC_028700.1	1	species	Streptococcus dysgalactiae	k__Bacteria;p__Firmicutes;c__Bacilli;o__Lactobacillales;f__Streptococcaceae;g__Streptococcus;s__Streptococcus dysgalactiae
NC_004588.1	1	species	Streptococcus dysgalactiae	k__Bacteria;p__Firmicutes;c__Bacilli;o__Lactobacillales;f__Streptococcaceae;g__Streptococcus;s__Streptococcus dysgalactiae
NC_024359.1	1	species	Listeria monocytogenes	k__Bacteria;p__Firmicutes;c__Bacilli;o__Bacillales;f__Listeriaceae;g__Listeria;s__Listeria monocytogenes
NC_028871.1	1	species	Listeria monocytogenes	k__Bacteria;p__Firmicutes;c__Bacilli;o__Bacillales;f__Listeriaceae;g__Listeria;s__Listeria monocytogenes
NC_009810.1	1	species	Listeria monocytogenes	k__Bacteria;p__Firmicutes;c__Bacilli;o__Bacillales;f__Listeriaceae;g__Listeria;s__Listeria monocytogenes
NC_009815.1	1	species	Listeria monocytogenes	k__Bacteria;p__Firmicutes;c__Bacilli;o__Bacillales;f__Listeriaceae;g__Listeria;s__Listeria monocytogenes
NC_003216.1	1	species	Listeria monocytogenes	k__Bacteria;p__Firmicutes;c__Bacilli;o__Bacillales;f__Listeriaceae;g__Listeria;s__Listeria monocytogenes
NC_041918.1	1	species	Geobacillus stearothermophilus	k__Bacteria;p__Firmicutes;c__Bacilli;o__Bacillales;f__Bacillaceae;g__Geobacillus;s__Geobacillus stearothermophilus
NC_004584.1	2	genus	Streptococcus	k__Bacteria;p__Firmicutes;c__Bacilli;o__Lactobacillales;f__Streptococcaceae;g__Streptococcus
NC_009819.1	1	species	Streptococcus equi	k__Bacteria;p__Firmicutes;c__Bacilli;o__Lactobacillales;f__Streptococcaceae;g__Streptococcus;s__Streptococcus equi
NC_003157.5	1	species	Streptococcus equi	k__Bacteria;p__Firmicutes;c__Bacilli;o__Lactobacillales;f__Streptococcaceae;g__Streptococcus;s__Streptococcus equi
NC_055023.1	1	species	Staphylococcus pseudintermedius	k__Bacteria;p__Firmicutes;c__Bacilli;o__Bacillales;f__Staphylococcaceae;g__Staphylococcus;s__Staphylococcus pseudintermedius
NC_031940.1	2	species	Salmonella enterica	k__Bacteria;p__Proteobacteria;c__Gammaproteobacteria;o__Enterobacterales;f__Enterobacteriaceae;g__Salmonella;s__Salmonella enterica
NC_028995.1	1	species	Acinetobacter soli	k__Bacteria;p__Proteobacteria;c__Gammaproteobacteria;o__Moraxellales;f__Moraxellaceae;g__Acinetobacter;s__Acinetobacter soli
NC_013758.1	1	species	Haloarcula sinaiiensis	k__Archaea;p__Euryarchaeota;c__Halobacteria;o__Halobacteriales;f__Haloarculaceae;g__Haloarcula;s__Haloarcula sinaiiensis
NC_019782.1	1	species	Lactobacillus helveticus	k__Bacteria;p__Firmicutes;c__Bacilli;o__Lactobacillales;f__Lactobacillaceae;g__Lactobacillus;s__Lactobacillus helveticus
NC_019490.1	1	species	Riemerella anatipestifer	k__Bacteria;p__Bacteroidetes;c__Flavobacteriia;o__Flavobacteriales;f__Weeksellaceae;g__Riemerella;s__Riemerella anatipestifer
NC_027982.1	1	species	Limosilactobacillus fermentum	k__Bacteria;p__Firmicutes;c__Bacilli;o__Lactobacillales;f__Lactobacillaceae;g__Limosilactobacillus;s__Limosilactobacillus fermentum
NC_029058.1	1	species	Limosilactobacillus fermentum	k__Bacteria;p__Firmicutes;c__Bacilli;o__Lactobacillales;f__Lactobacillaceae;g__Limosilactobacillus;s__Limosilactobacillus fermentum
NC_004827.1	1	species	Aggregatibacter actinomycetemcomitans	k__Bacteria;p__Proteobacteria;c__Gammaproteobacteria;o__Pasteurellales;f__Pasteurellaceae;g__Aggregatibacter;s__Aggregatibacter actinomycetemcomitans
NC_013597.1	1	species	Aggregatibacter actinomycetemcomitans	k__Bacteria;p__Proteobacteria;c__Gammaproteobacteria;o__Pasteurellales;f__Pasteurellaceae;g__Aggregatibacter;s__Aggregatibacter actinomycetemcomitans
NC_009554.1	1	species	Lactobacillus delbrueckii	k__Bacteria;p__Firmicutes;c__Bacilli;o__Lactobacillales;f__Lactobacillaceae;g__Lactobacillus;s__Lactobacillus delbrueckii
NC_028835.1	1	species	Lactobacillus delbrueckii	k__Bacteria;p__Firmicutes;c__Bacilli;o__Lactobacillales;f__Lactobacillaceae;g__Lactobacillus;s__Lactobacillus delbrueckii
NC_005857.1	1	species	Citrobacter rodentium	k__Bacteria;p__Proteobacteria;c__Gammaproteobacteria;o__Enterobacterales;f__Enterobacteriaceae;g__Citrobacter;s__Citrobacter rodentium
NC_027995.1	1	species	Citrobacter rodentium	k__Bacteria;p__Proteobacteria;c__Gammaproteobacteria;o__Enterobacterales;f__Enterobacteriaceae;g__Citrobacter;s__Citrobacter rodentium
NC_042346.1	1	species	Salmonella enterica	k__Bacteria;p__Proteobacteria;c__Gammaproteobacteria;o__Enterobacterales;f__Enterobacteriaceae;g__Salmonella;s__Salmonella enterica
NC_000929.1	1	species	Salmonella enterica	k__Bacteria;p__Proteobacteria;c__Gammaproteobacteria;o__Enterobacterales;f__Enterobacteriaceae;g__Salmonella;s__Salmonella enterica
NC_004902.1	1	species	Xanthomonas oryzae	k__Bacteria;p__Proteobacteria;c__Gammaproteobacteria;o__Xanthomonadales;f__Xanthomonadaceae;g__Xanthomonas;s__Xanthomonas oryzae
NC_009543.1	1	species	Xanthomonas oryzae	k__Bacteria;p__Proteobacteria;c__Gammaproteobacteria;o__Xanthomonadales;f__Xanthomonadaceae;g__Xanthomonas;s__Xanthomonas oryzae
NC_010945.1	1	species	Streptococcus gordonii	k__Bacteria;p__Firmicutes;c__Bacilli;o__Lactobacillales;f__Streptococcaceae;g__Streptococcus;s__Streptococcus gordonii
NC_031907.1	1	species	Streptococcus gordonii	k__Bacteria;p__Firmicutes;c__Bacilli;o__Lactobacillales;f__Streptococcaceae;g__Streptococcus;s__Streptococcus gordonii
NC_020197.1	1	species	Streptococcus thermophilus	k__Bacteria;p__Firmicutes;c__Bacilli;o__Lactobacillales;f__Streptococcaceae;g__Streptococcus;s__Streptococcus thermophilus
NC_002185.1	1	species	Streptococcus thermophilus	k__Bacteria;p__Firmicutes;c__Bacilli;o__Lactobacillales;f__Streptococcaceae;g__Streptococcus;s__Streptococcus thermophilus
NC_004303.1	1	species	Streptococcus thermophilus	k__Bacteria;p__Firmicutes;c__Bacilli;o__Lactobacillales;f__Streptococcaceae;g__Streptococcus;s__Streptococcus thermophilus
NC_031069.1	1	species	Streptococcus thermophilus	k__Bacteria;p__Firmicutes;c__Bacilli;o__Lactobacillales;f__Streptococcaceae;g__Streptococcus;s__Streptococcus thermophilus
NC_022776.1	1	species	Streptococcus thermophilus	k__Bacteria;p__Firmicutes;c__Bacilli;o__Lactobacillales;f__Streptococcaceae;g__Streptococcus;s__Streptococcus thermophilus
NC_000871.1	1	species	Streptococcus thermophilus	k__Bacteria;p__Firmicutes;c__Bacilli;o__Lactobacillales;f__Streptococcaceae;g__Streptococcus;s__Streptococcus thermophilus
